F_Id,F_ParentId,F_Layers,F_EnCode,F_FullName,F_SimpleSpelling,F_SortCode,F_DeleteMark,F_EnabledMark,F_Description,F_CreateTime,F_CreatorUserId,F_LastModifyTime,F_LastModifyUserId,F_DeleteTime,F_DeleteUserId
120100,120000,2,120100,天津市,tjs,120100,,TRUE,,2016/7/20 0:00,,,,,
130100,130000,2,130100,石家庄市,sjzs,130100,,TRUE,,2016/7/20 0:00,,,,,
130200,130000,2,130200,唐山市,tss,130200,,TRUE,,2016/7/20 0:00,,,,,
130300,130000,2,130300,秦皇岛市,qhds,130300,,TRUE,,2016/7/20 0:00,,,,,
130400,130000,2,130400,邯郸市,hds,130400,,TRUE,,2016/7/20 0:00,,,,,
130500,130000,2,130500,邢台市,xts,130500,,TRUE,,2016/7/20 0:00,,,,,
130600,130000,2,130600,保定市,bds,130600,,TRUE,,2016/7/20 0:00,,,,,
130700,130000,2,130700,张家口市,zjks,130700,,TRUE,,2016/7/20 0:00,,,,,
130800,130000,2,130800,承德市,cds,130800,,TRUE,,2016/7/20 0:00,,,,,
130900,130000,2,130900,沧州市,czs,130900,,TRUE,,2016/7/20 0:00,,,,,
131000,130000,2,131000,廊坊市,lfs,131000,,TRUE,,2016/7/20 0:00,,,,,
131100,130000,2,131100,衡水市,hss,131100,,TRUE,,2016/7/20 0:00,,,,,
140100,140000,2,140100,太原市,tys,140100,,TRUE,,2016/7/20 0:00,,,,,
140200,140000,2,140200,大同市,dts,140200,,TRUE,,2016/7/20 0:00,,,,,
140300,140000,2,140300,阳泉市,yqs,140300,,TRUE,,2016/7/20 0:00,,,,,
140400,140000,2,140400,长治市,czs,140400,,TRUE,,2016/7/20 0:00,,,,,
140500,140000,2,140500,晋城市,jcs,140500,,TRUE,,2016/7/20 0:00,,,,,
140600,140000,2,140600,朔州市,szs,140600,,TRUE,,2016/7/20 0:00,,,,,
140700,140000,2,140700,晋中市,jzs,140700,,TRUE,,2016/7/20 0:00,,,,,
140800,140000,2,140800,运城市,ycs,140800,,TRUE,,2016/7/20 0:00,,,,,
140900,140000,2,140900,忻州市,xzs,140900,,TRUE,,2016/7/20 0:00,,,,,
141000,140000,2,141000,临汾市,lfs,141000,,TRUE,,2016/7/20 0:00,,,,,
141100,140000,2,141100,吕梁市,lls,141100,,TRUE,,2016/7/20 0:00,,,,,
150100,150000,2,150100,呼和浩特市,hhhts,150100,,TRUE,,2016/7/20 0:00,,,,,
150200,150000,2,150200,包头市,bts,150200,,TRUE,,2016/7/20 0:00,,,,,
150300,150000,2,150300,乌海市,whs,150300,,TRUE,,2016/7/20 0:00,,,,,
150400,150000,2,150400,赤峰市,cfs,150400,,TRUE,,2016/7/20 0:00,,,,,
150500,150000,2,150500,通辽市,tls,150500,,TRUE,,2016/7/20 0:00,,,,,
150600,150000,2,150600,鄂尔多斯市,eedss,150600,,TRUE,,2016/7/20 0:00,,,,,
150700,150000,2,150700,呼伦贝尔市,hlbes,150700,,TRUE,,2016/7/20 0:00,,,,,
150800,150000,2,150800,巴彦淖尔市,bynes,150800,,TRUE,,2016/7/20 0:00,,,,,
340400,340000,2,340400,淮南市,hns,340400,,TRUE,,2016/7/20 0:00,,,,,
340500,340000,2,340500,马鞍山市,mass,340500,,TRUE,,2016/7/20 0:00,,,,,
340600,340000,2,340600,淮北市,hbs,340600,,TRUE,,2016/7/20 0:00,,,,,
340700,340000,2,340700,铜陵市,tls,340700,,TRUE,,2016/7/20 0:00,,,,,
340800,340000,2,340800,安庆市,aqs,340800,,TRUE,,2016/7/20 0:00,,,,,
341000,340000,2,341000,黄山市,hss,341000,,TRUE,,2016/7/20 0:00,,,,,
341100,340000,2,341100,滁州市,czs,341100,,TRUE,,2016/7/20 0:00,,,,,
341200,340000,2,341200,阜阳市,fys,341200,,TRUE,,2016/7/20 0:00,,,,,
341300,340000,2,341300,宿州市,szs,341300,,TRUE,,2016/7/20 0:00,,,,,
341500,340000,2,341500,六安市,las,341500,,TRUE,,2016/7/20 0:00,,,,,
341600,340000,2,341600,亳州市,bzs,341600,,TRUE,,2016/7/20 0:00,,,,,
341700,340000,2,341700,池州市,czs,341700,,TRUE,,2016/7/20 0:00,,,,,
341800,340000,2,341800,宣城市,xcs,341800,,TRUE,,2016/7/20 0:00,,,,,
350100,350000,2,350100,福州市,fzs,350100,,TRUE,,2016/7/20 0:00,,,,,
350200,350000,2,350200,厦门市,xms,350200,,TRUE,,2016/7/20 0:00,,,,,
350300,350000,2,350300,莆田市,pts,350300,,TRUE,,2016/7/20 0:00,,,,,
350400,350000,2,350400,三明市,sms,350400,,TRUE,,2016/7/20 0:00,,,,,
350500,350000,2,350500,泉州市,qzs,350500,,TRUE,,2016/7/20 0:00,,,,,
350600,350000,2,350600,漳州市,zzs,350600,,TRUE,,2016/7/20 0:00,,,,,
350700,350000,2,350700,南平市,nps,350700,,TRUE,,2016/7/20 0:00,,,,,
350800,350000,2,350800,龙岩市,lys,350800,,TRUE,,2016/7/20 0:00,,,,,
350900,350000,2,350900,宁德市,nds,350900,,TRUE,,2016/7/20 0:00,,,,,
360100,360000,2,360100,南昌市,ncs,360100,,TRUE,,2016/7/20 0:00,,,,,
360200,360000,2,360200,景德镇市,jdzs,360200,,TRUE,,2016/7/20 0:00,,,,,
360300,360000,2,360300,萍乡市,pxs,360300,,TRUE,,2016/7/20 0:00,,,,,
360400,360000,2,360400,九江市,jjs,360400,,TRUE,,2016/7/20 0:00,,,,,
360500,360000,2,360500,新余市,xys,360500,,TRUE,,2016/7/20 0:00,,,,,
360600,360000,2,360600,鹰潭市,yts,360600,,TRUE,,2016/7/20 0:00,,,,,
360700,360000,2,360700,赣州市,gzs,360700,,TRUE,,2016/7/20 0:00,,,,,
360800,360000,2,360800,吉安市,jas,360800,,TRUE,,2016/7/20 0:00,,,,,
360900,360000,2,360900,宜春市,ycs,360900,,TRUE,,2016/7/20 0:00,,,,,
361000,360000,2,361000,抚州市,fzs,361000,,TRUE,,2016/7/20 0:00,,,,,
361100,360000,2,361100,上饶市,srs,361100,,TRUE,,2016/7/20 0:00,,,,,
370100,370000,2,370100,济南市,jns,370100,,TRUE,,2016/7/20 0:00,,,,,
370200,370000,2,370200,青岛市,qds,370200,,TRUE,,2016/7/20 0:00,,,,,
370300,370000,2,370300,淄博市,zbs,370300,,TRUE,,2016/7/20 0:00,,,,,
370400,370000,2,370400,枣庄市,zzs,370400,,TRUE,,2016/7/20 0:00,,,,,
370500,370000,2,370500,东营市,dys,370500,,TRUE,,2016/7/20 0:00,,,,,
370600,370000,2,370600,烟台市,yts,370600,,TRUE,,2016/7/20 0:00,,,,,
370700,370000,2,370700,潍坊市,wfs,370700,,TRUE,,2016/7/20 0:00,,,,,
370800,370000,2,370800,济宁市,jns,370800,,TRUE,,2016/7/20 0:00,,,,,
370900,370000,2,370900,泰安市,tas,370900,,TRUE,,2016/7/20 0:00,,,,,
371000,370000,2,371000,威海市,whs,371000,,TRUE,,2016/7/20 0:00,,,,,
371100,370000,2,371100,日照市,rzs,371100,,TRUE,,2016/7/20 0:00,,,,,
371200,370000,2,371200,莱芜市,lws,371200,,TRUE,,2016/7/20 0:00,,,,,
371300,370000,2,371300,临沂市,lys,371300,,TRUE,,2016/7/20 0:00,,,,,
371400,370000,2,371400,德州市,dzs,371400,,TRUE,,2016/7/20 0:00,,,,,
371500,370000,2,371500,聊城市,lcs,371500,,TRUE,,2016/7/20 0:00,,,,,
371600,370000,2,371600,滨州市,bzs,371600,,TRUE,,2016/7/20 0:00,,,,,
371700,370000,2,371700,菏泽市,hzs,371700,,TRUE,,2016/7/20 0:00,,,,,
410100,410000,2,410100,郑州市,zzs,410100,,TRUE,,2016/7/20 0:00,,,,,
410200,410000,2,410200,开封市,kfs,410200,,TRUE,,2016/7/20 0:00,,,,,
410300,410000,2,410300,洛阳市,lys,410300,,TRUE,,2016/7/20 0:00,,,,,
410400,410000,2,410400,平顶山市,pdss,410400,,TRUE,,2016/7/20 0:00,,,,,
410500,410000,2,410500,安阳市,ays,410500,,TRUE,,2016/7/20 0:00,,,,,
410600,410000,2,410600,鹤壁市,hbs,410600,,TRUE,,2016/7/20 0:00,,,,,
410700,410000,2,410700,新乡市,xxs,410700,,TRUE,,2016/7/20 0:00,,,,,
410800,410000,2,410800,焦作市,jzs,410800,,TRUE,,2016/7/20 0:00,,,,,
410881,410000,2,410881,济源市,jys,410881,,TRUE,,2016/7/20 0:00,,,,,
410900,410000,2,410900,濮阳市,pys,410900,,TRUE,,2016/7/20 0:00,,,,,
411000,410000,2,411000,许昌市,xcs,411000,,TRUE,,2016/7/20 0:00,,,,,
411100,410000,2,411100,漯河市,lhs,411100,,TRUE,,2016/7/20 0:00,,,,,
411200,410000,2,411200,三门峡市,smxs,411200,,TRUE,,2016/7/20 0:00,,,,,
411300,410000,2,411300,南阳市,nys,411300,,TRUE,,2016/7/20 0:00,,,,,
411400,410000,2,411400,商丘市,sqs,411400,,TRUE,,2016/7/20 0:00,,,,,
411500,410000,2,411500,信阳市,xys,411500,,TRUE,,2016/7/20 0:00,,,,,
411600,410000,2,411600,周口市,zks,411600,,TRUE,,2016/7/20 0:00,,,,,
152200,150000,2,152200,兴安盟,xam,152200,,TRUE,,2016/7/20 0:00,,,,,
152500,150000,2,152500,锡林郭勒盟,xlglm,152500,,TRUE,,2016/7/20 0:00,,,,,
152900,150000,2,152900,阿拉善盟,alsm,152900,,TRUE,,2016/7/20 0:00,,,,,
210100,210000,2,210100,沈阳市,sys,210100,,TRUE,,2016/7/20 0:00,,,,,
210200,210000,2,210200,大连市,dls,210200,,TRUE,,2016/7/20 0:00,,,,,
210300,210000,2,210300,鞍山市,ass,210300,,TRUE,,2016/7/20 0:00,,,,,
210400,210000,2,210400,抚顺市,fss,210400,,TRUE,,2016/7/20 0:00,,,,,
210500,210000,2,210500,本溪市,bxs,210500,,TRUE,,2016/7/20 0:00,,,,,
210600,210000,2,210600,丹东市,dds,210600,,TRUE,,2016/7/20 0:00,,,,,
210700,210000,2,210700,锦州市,jzs,210700,,TRUE,,2016/7/20 0:00,,,,,
210800,210000,2,210800,营口市,yks,210800,,TRUE,,2016/7/20 0:00,,,,,
210900,210000,2,210900,阜新市,fxs,210900,,TRUE,,2016/7/20 0:00,,,,,
211000,210000,2,211000,辽阳市,lys,211000,,TRUE,,2016/7/20 0:00,,,,,
211100,210000,2,211100,盘锦市,pjs,211100,,TRUE,,2016/7/20 0:00,,,,,
211200,210000,2,211200,铁岭市,tls,211200,,TRUE,,2016/7/20 0:00,,,,,
211300,210000,2,211300,朝阳市,zys,211300,,TRUE,,2016/7/20 0:00,,,,,
211400,210000,2,211400,葫芦岛市,hlds,211400,,TRUE,,2016/7/20 0:00,,,,,
220100,220000,2,220100,长春市,zcs,220100,,TRUE,,2016/7/20 0:00,,,,,
220200,220000,2,220200,吉林市,jls,220200,,TRUE,,2016/7/20 0:00,,,,,
220300,220000,2,220300,四平市,sps,220300,,TRUE,,2016/7/20 0:00,,,,,
220400,220000,2,220400,辽源市,lys,220400,,TRUE,,2016/7/20 0:00,,,,,
220500,220000,2,220500,通化市,ths,220500,,TRUE,,2016/7/20 0:00,,,,,
220600,220000,2,220600,白山市,bss,220600,,TRUE,,2016/7/20 0:00,,,,,
220700,220000,2,220700,松原市,sys,220700,,TRUE,,2016/7/20 0:00,,,,,
220800,220000,2,220800,白城市,bcs,220800,,TRUE,,2016/7/20 0:00,,,,,
222400,220000,2,222400,延边朝鲜族自治州,ybzxzzzz,222400,,TRUE,,2016/7/20 0:00,,,,,
230100,230000,2,230100,哈尔滨市,hebs,230100,,TRUE,,2016/7/20 0:00,,,,,
230200,230000,2,230200,齐齐哈尔市,qqhes,230200,,TRUE,,2016/7/20 0:00,,,,,
230300,230000,2,230300,鸡西市,jxs,230300,,TRUE,,2016/7/20 0:00,,,,,
230400,230000,2,230400,鹤岗市,hgs,230400,,TRUE,,2016/7/20 0:00,,,,,
230500,230000,2,230500,双鸭山市,syss,230500,,TRUE,,2016/7/20 0:00,,,,,
230600,230000,2,230600,大庆市,dqs,230600,,TRUE,,2016/7/20 0:00,,,,,
230700,230000,2,230700,伊春市,ycs,230700,,TRUE,,2016/7/20 0:00,,,,,
230800,230000,2,230800,佳木斯市,jmss,230800,,TRUE,,2016/7/20 0:00,,,,,
230900,230000,2,230900,七台河市,qths,230900,,TRUE,,2016/7/20 0:00,,,,,
231000,230000,2,231000,牡丹江市,mdjs,231000,,TRUE,,2016/7/20 0:00,,,,,
231100,230000,2,231100,黑河市,hhs,231100,,TRUE,,2016/7/20 0:00,,,,,
231200,230000,2,231200,绥化市,shs,231200,,TRUE,,2016/7/20 0:00,,,,,
232700,230000,2,232700,大兴安岭地区,dxaldq,232700,,TRUE,,2016/7/20 0:00,,,,,
310100,310000,2,310100,上海市,shs,310100,,TRUE,,2016/7/20 0:00,,,,,
320100,320000,2,320100,南京市,njs,320100,,TRUE,,2016/7/20 0:00,,,,,
320200,320000,2,320200,无锡市,wxs,320200,,TRUE,,2016/7/20 0:00,,,,,
320300,320000,2,320300,徐州市,xzs,320300,,TRUE,,2016/7/20 0:00,,,,,
320400,320000,2,320400,常州市,czs,320400,,TRUE,,2016/7/20 0:00,,,,,
320500,320000,2,320500,苏州市,szs,320500,,TRUE,,2016/7/20 0:00,,,,,
320600,320000,2,320600,南通市,nts,320600,,TRUE,,2016/7/20 0:00,,,,,
320700,320000,2,320700,连云港市,lygs,320700,,TRUE,,2016/7/20 0:00,,,,,
320800,320000,2,320800,淮安市,has,320800,,TRUE,,2016/7/20 0:00,,,,,
320900,320000,2,320900,盐城市,ycs,320900,,TRUE,,2016/7/20 0:00,,,,,
321000,320000,2,321000,扬州市,yzs,321000,,TRUE,,2016/7/20 0:00,,,,,
321100,320000,2,321100,镇江市,zjs,321100,,TRUE,,2016/7/20 0:00,,,,,
321200,320000,2,321200,泰州市,tzs,321200,,TRUE,,2016/7/20 0:00,,,,,
321300,320000,2,321300,宿迁市,sqs,321300,,TRUE,,2016/7/20 0:00,,,,,
330100,330000,2,330100,杭州市,hzs,330100,,TRUE,,2016/7/20 0:00,,,,,
330200,330000,2,330200,宁波市,nbs,330200,,TRUE,,2016/7/20 0:00,,,,,
330300,330000,2,330300,温州市,wzs,330300,,TRUE,,2016/7/20 0:00,,,,,
330400,330000,2,330400,嘉兴市,jxs,330400,,TRUE,,2016/7/20 0:00,,,,,
330500,330000,2,330500,湖州市,hzs,330500,,TRUE,,2016/7/20 0:00,,,,,
330600,330000,2,330600,绍兴市,sxs,330600,,TRUE,,2016/7/20 0:00,,,,,
330700,330000,2,330700,金华市,jhs,330700,,TRUE,,2016/7/20 0:00,,,,,
330800,330000,2,330800,衢州市,qzs,330800,,TRUE,,2016/7/20 0:00,,,,,
330900,330000,2,330900,舟山市,zss,330900,,TRUE,,2016/7/20 0:00,,,,,
331000,330000,2,331000,台州市,tzs,331000,,TRUE,,2016/7/20 0:00,,,,,
331100,330000,2,331100,丽水市,lss,331100,,TRUE,,2016/7/20 0:00,,,,,
340100,340000,2,340100,合肥市,hfs,340100,,TRUE,,2016/7/20 0:00,,,,,
340200,340000,2,340200,芜湖市,whs,340200,,TRUE,,2016/7/20 0:00,,,,,
420100,420000,2,420100,武汉市,whs,420100,,TRUE,,2016/7/20 0:00,,,,,
420200,420000,2,420200,黄石市,hss,420200,,TRUE,,2016/7/20 0:00,,,,,
420300,420000,2,420300,十堰市,sys,420300,,TRUE,,2016/7/20 0:00,,,,,
420500,420000,2,420500,宜昌市,ycs,420500,,TRUE,,2016/7/20 0:00,,,,,
420600,420000,2,420600,襄阳市,xys,420600,,TRUE,,2016/7/20 0:00,,,,,
420700,420000,2,420700,鄂州市,ezs,420700,,TRUE,,2016/7/20 0:00,,,,,
420800,420000,2,420800,荆门市,jms,420800,,TRUE,,2016/7/20 0:00,,,,,
420900,420000,2,420900,孝感市,xgs,420900,,TRUE,,2016/7/20 0:00,,,,,
421000,420000,2,421000,荆州市,jzs,421000,,TRUE,,2016/7/20 0:00,,,,,
421100,420000,2,421100,黄冈市,hgs,421100,,TRUE,,2016/7/20 0:00,,,,,
421200,420000,2,421200,咸宁市,xns,421200,,TRUE,,2016/7/20 0:00,,,,,
421300,420000,2,421300,随州市,szs,421300,,TRUE,,2016/7/20 0:00,,,,,
422800,420000,2,422800,恩施土家族苗族自治州,estjzmzzzz,422800,,TRUE,,2016/7/20 0:00,,,,,
430100,430000,2,430100,长沙市,zss,430100,,TRUE,,2016/7/20 0:00,,,,,
430200,430000,2,430200,株洲市,zzs,430200,,TRUE,,2016/7/20 0:00,,,,,
430300,430000,2,430300,湘潭市,xts,430300,,TRUE,,2016/7/20 0:00,,,,,
430400,430000,2,430400,衡阳市,hys,430400,,TRUE,,2016/7/20 0:00,,,,,
430500,430000,2,430500,邵阳市,sys,430500,,TRUE,,2016/7/20 0:00,,,,,
430600,430000,2,430600,岳阳市,yys,430600,,TRUE,,2016/7/20 0:00,,,,,
430700,430000,2,430700,常德市,cds,430700,,TRUE,,2016/7/20 0:00,,,,,
430800,430000,2,430800,张家界市,zjjs,430800,,TRUE,,2016/7/20 0:00,,,,,
430900,430000,2,430900,益阳市,yys,430900,,TRUE,,2016/7/20 0:00,,,,,
431000,430000,2,431000,郴州市,czs,431000,,TRUE,,2016/7/20 0:00,,,,,
431100,430000,2,431100,永州市,yzs,431100,,TRUE,,2016/7/20 0:00,,,,,
431200,430000,2,431200,怀化市,hhs,431200,,TRUE,,2016/7/20 0:00,,,,,
431300,430000,2,431300,娄底市,lds,431300,,TRUE,,2016/7/20 0:00,,,,,
433100,430000,2,433100,湘西土家族苗族自治州,xxtjzmzzzz,433100,,TRUE,,2016/7/20 0:00,,,,,
440100,440000,2,440100,广州市,gzs,440100,,TRUE,,2016/7/20 0:00,,,,,
440200,440000,2,440200,韶关市,sgs,440200,,TRUE,,2016/7/20 0:00,,,,,
440300,440000,2,440300,深圳市,szs,440300,,TRUE,,2016/7/20 0:00,,,,,
440400,440000,2,440400,珠海市,zhs,440400,,TRUE,,2016/7/20 0:00,,,,,
440500,440000,2,440500,汕头市,sts,440500,,TRUE,,2016/7/20 0:00,,,,,
440600,440000,2,440600,佛山市,fss,440600,,TRUE,,2016/7/20 0:00,,,,,
440700,440000,2,440700,江门市,jms,440700,,TRUE,,2016/7/20 0:00,,,,,
440800,440000,2,440800,湛江市,zjs,440800,,TRUE,,2016/7/20 0:00,,,,,
440900,440000,2,440900,茂名市,mms,440900,,TRUE,,2016/7/20 0:00,,,,,
441200,440000,2,441200,肇庆市,zqs,441200,,TRUE,,2016/7/20 0:00,,,,,
441300,440000,2,441300,惠州市,hzs,441300,,TRUE,,2016/7/20 0:00,,,,,
441400,440000,2,441400,梅州市,mzs,441400,,TRUE,,2016/7/20 0:00,,,,,
441500,440000,2,441500,汕尾市,sws,441500,,TRUE,,2016/7/20 0:00,,,,,
441600,440000,2,441600,河源市,hys,441600,,TRUE,,2016/7/20 0:00,,,,,
441700,440000,2,441700,阳江市,yjs,441700,,TRUE,,2016/7/20 0:00,,,,,
441800,440000,2,441800,清远市,qys,441800,,TRUE,,2016/7/20 0:00,,,,,
445100,440000,2,445100,潮州市,czs,445100,,TRUE,,2016/7/20 0:00,,,,,
445200,440000,2,445200,揭阳市,jys,445200,,TRUE,,2016/7/20 0:00,,,,,
445300,440000,2,445300,云浮市,yfs,445300,,TRUE,,2016/7/20 0:00,,,,,
450100,450000,2,450100,南宁市,nns,450100,,TRUE,,2016/7/20 0:00,,,,,
450200,450000,2,450200,柳州市,lzs,450200,,TRUE,,2016/7/20 0:00,,,,,
450300,450000,2,450300,桂林市,gls,450300,,TRUE,,2016/7/20 0:00,,,,,
450400,450000,2,450400,梧州市,wzs,450400,,TRUE,,2016/7/20 0:00,,,,,
450500,450000,2,450500,北海市,bhs,450500,,TRUE,,2016/7/20 0:00,,,,,
450600,450000,2,450600,防城港市,fcgs,450600,,TRUE,,2016/7/20 0:00,,,,,
450700,450000,2,450700,钦州市,qzs,450700,,TRUE,,2016/7/20 0:00,,,,,
450800,450000,2,450800,贵港市,ggs,450800,,TRUE,,2016/7/20 0:00,,,,,
450900,450000,2,450900,玉林市,yls,450900,,TRUE,,2016/7/20 0:00,,,,,
451000,450000,2,451000,百色市,bss,451000,,TRUE,,2016/7/20 0:00,,,,,
451100,450000,2,451100,贺州市,hzs,451100,,TRUE,,2016/7/20 0:00,,,,,
451200,450000,2,451200,河池市,hcs,451200,,TRUE,,2016/7/20 0:00,,,,,
451300,450000,2,451300,来宾市,lbs,451300,,TRUE,,2016/7/20 0:00,,,,,
451400,450000,2,451400,崇左市,czs,451400,,TRUE,,2016/7/20 0:00,,,,,
460100,460000,2,460100,海口市,hks,460100,,TRUE,,2016/7/20 0:00,,,,,
500100,500000,2,500100,重庆市,zqs,500100,,TRUE,,2016/7/20 0:00,,,,,
510100,510000,2,510100,成都市,cds,510100,,TRUE,,2016/7/20 0:00,,,,,
510300,510000,2,510300,自贡市,zgs,510300,,TRUE,,2016/7/20 0:00,,,,,
510400,510000,2,510400,攀枝花市,pzhs,510400,,TRUE,,2016/7/20 0:00,,,,,
510500,510000,2,510500,泸州市,lzs,510500,,TRUE,,2016/7/20 0:00,,,,,
510700,510000,2,510700,绵阳市,mys,510700,,TRUE,,2016/7/20 0:00,,,,,
510800,510000,2,510800,广元市,gys,510800,,TRUE,,2016/7/20 0:00,,,,,
510900,510000,2,510900,遂宁市,sns,510900,,TRUE,,2016/7/20 0:00,,,,,
511000,510000,2,511000,内江市,njs,511000,,TRUE,,2016/7/20 0:00,,,,,
511100,510000,2,511100,乐山市,yss,511100,,TRUE,,2016/7/20 0:00,,,,,
511300,510000,2,511300,南充市,ncs,511300,,TRUE,,2016/7/20 0:00,,,,,
511400,510000,2,511400,眉山市,mss,511400,,TRUE,,2016/7/20 0:00,,,,,
511500,510000,2,511500,宜宾市,ybs,511500,,TRUE,,2016/7/20 0:00,,,,,
511600,510000,2,511600,广安市,gas,511600,,TRUE,,2016/7/20 0:00,,,,,
511700,510000,2,511700,达州市,dzs,511700,,TRUE,,2016/7/20 0:00,,,,,
511800,510000,2,511800,雅安市,yas,511800,,TRUE,,2016/7/20 0:00,,,,,
511900,510000,2,511900,巴中市,bzs,511900,,TRUE,,2016/7/20 0:00,,,,,
512000,510000,2,512000,资阳市,zys,512000,,TRUE,,2016/7/20 0:00,,,,,
513200,510000,2,513200,阿坝藏族羌族自治州,abzzqzzzz,513200,,TRUE,,2016/7/20 0:00,,,,,
513300,510000,2,513300,甘孜藏族自治州,gzzzzzz,513300,,TRUE,,2016/7/20 0:00,,,,,
513400,510000,2,513400,凉山彝族自治州,lsyzzzz,513400,,TRUE,,2016/7/20 0:00,,,,,
520100,520000,2,520100,贵阳市,gys,520100,,TRUE,,2016/7/20 0:00,,,,,
520200,520000,2,520200,六盘水市,lpss,520200,,TRUE,,2016/7/20 0:00,,,,,
520300,520000,2,520300,遵义市,zys,520300,,TRUE,,2016/7/20 0:00,,,,,
520400,520000,2,520400,安顺市,ass,520400,,TRUE,,2016/7/20 0:00,,,,,
522200,520000,2,522200,铜仁市,trs,522200,,TRUE,,2016/7/20 0:00,,,,,
522300,520000,2,522300,黔西南布依族苗族自治州,qxnbyzmzzzz,522300,,TRUE,,2016/7/20 0:00,,,,,
522400,520000,2,522400,毕节市,bjs,522400,,TRUE,,2016/7/20 0:00,,,,,
522600,520000,2,522600,黔东南苗族侗族自治州,qdnmztzzzz,522600,,TRUE,,2016/7/20 0:00,,,,,
522700,520000,2,522700,黔南布依族苗族自治州,qnbyzmzzzz,522700,,TRUE,,2016/7/20 0:00,,,,,
530100,530000,2,530100,昆明市,kms,530100,,TRUE,,2016/7/20 0:00,,,,,
530300,530000,2,530300,曲靖市,qjs,530300,,TRUE,,2016/7/20 0:00,,,,,
530400,530000,2,530400,玉溪市,yxs,530400,,TRUE,,2016/7/20 0:00,,,,,
530500,530000,2,530500,保山市,bss,530500,,TRUE,,2016/7/20 0:00,,,,,
530600,530000,2,530600,昭通市,zts,530600,,TRUE,,2016/7/20 0:00,,,,,
530700,530000,2,530700,丽江市,ljs,530700,,TRUE,,2016/7/20 0:00,,,,,
530800,530000,2,530800,普洱市,pes,530800,,TRUE,,2016/7/20 0:00,,,,,
530900,530000,2,530900,临沧市,lcs,530900,,TRUE,,2016/7/20 0:00,,,,,
532300,530000,2,532300,楚雄彝族自治州,cxyzzzz,532300,,TRUE,,2016/7/20 0:00,,,,,
532500,530000,2,532500,红河哈尼族彝族自治州,hhhnzyzzzz,532500,,TRUE,,2016/7/20 0:00,,,,,
532600,530000,2,532600,文山壮族苗族自治州,wszzmzzzz,532600,,TRUE,,2016/7/20 0:00,,,,,
532800,530000,2,532800,西双版纳傣族自治州,xsbndzzzz,532800,,TRUE,,2016/7/20 0:00,,,,,
532900,530000,2,532900,大理白族自治州,dlbzzzz,532900,,TRUE,,2016/7/20 0:00,,,,,
533100,530000,2,533100,德宏傣族景颇族自治州,dhdzjpzzzz,533100,,TRUE,,2016/7/20 0:00,,,,,
533300,530000,2,533300,怒江傈僳族自治州,njlszzzz,533300,,TRUE,,2016/7/20 0:00,,,,,
533400,530000,2,533400,迪庆藏族自治州,dqzzzzz,533400,,TRUE,,2016/7/20 0:00,,,,,
540100,540000,2,540100,拉萨市,lss,540100,,TRUE,,2016/7/20 0:00,,,,,
542100,540000,2,542100,昌都地区,cddq,542100,,TRUE,,2016/7/20 0:00,,,,,
542200,540000,2,542200,山南地区,sndq,542200,,TRUE,,2016/7/20 0:00,,,,,
542300,540000,2,542300,日喀则地区,rkzdq,542300,,TRUE,,2016/7/20 0:00,,,,,
542400,540000,2,542400,那曲地区,nqdq,542400,,TRUE,,2016/7/20 0:00,,,,,
542500,540000,2,542500,阿里地区,aldq,542500,,TRUE,,2016/7/20 0:00,,,,,
542600,540000,2,542600,林芝地区,lzdq,542600,,TRUE,,2016/7/20 0:00,,,,,
610100,610000,2,610100,西安市,xas,610100,,TRUE,,2016/7/20 0:00,,,,,
610200,610000,2,610200,铜川市,tcs,610200,,TRUE,,2016/7/20 0:00,,,,,
610300,610000,2,610300,宝鸡市,bjs,610300,,TRUE,,2016/7/20 0:00,,,,,
610400,610000,2,610400,咸阳市,xys,610400,,TRUE,,2016/7/20 0:00,,,,,
610500,610000,2,610500,渭南市,wns,610500,,TRUE,,2016/7/20 0:00,,,,,
610600,610000,2,610600,延安市,yas,610600,,TRUE,,2016/7/20 0:00,,,,,
610700,610000,2,610700,汉中市,hzs,610700,,TRUE,,2016/7/20 0:00,,,,,
610800,610000,2,610800,榆林市,yls,610800,,TRUE,,2016/7/20 0:00,,,,,
610900,610000,2,610900,安康市,aks,610900,,TRUE,,2016/7/20 0:00,,,,,
611000,610000,2,611000,商洛市,sls,611000,,TRUE,,2016/7/20 0:00,,,,,
620100,620000,2,620100,兰州市,lzs,620100,,TRUE,,2016/7/20 0:00,,,,,
620200,620000,2,620200,嘉峪关市,jygs,620200,,TRUE,,2016/7/20 0:00,,,,,
620300,620000,2,620300,金昌市,jcs,620300,,TRUE,,2016/7/20 0:00,,,,,
620400,620000,2,620400,白银市,bys,620400,,TRUE,,2016/7/20 0:00,,,,,
620500,620000,2,620500,天水市,tss,620500,,TRUE,,2016/7/20 0:00,,,,,
110000,0,1,110000,北京,bj,110000,,TRUE,,2016/7/20 0:00,,,,,
120000,0,1,120000,天津,tj,120000,,TRUE,,2016/7/20 0:00,,,,,
130000,0,1,130000,河北省,hbs,130000,,TRUE,,2016/7/20 0:00,,,,,
140000,0,1,140000,山西省,sxs,140000,,TRUE,,2016/7/20 0:00,,,,,
150000,0,1,150000,内蒙古自治区,nmgzzq,150000,,TRUE,,2016/7/20 0:00,,,,,
210000,0,1,210000,辽宁省,lns,210000,,TRUE,,2016/7/20 0:00,,,,,
220000,0,1,220000,吉林省,jls,220000,,TRUE,,2016/7/20 0:00,,,,,
230000,0,1,230000,黑龙江省,hljs,230000,,TRUE,,2016/7/20 0:00,,,,,
310000,0,1,310000,上海,sh,310000,,TRUE,,2016/7/20 0:00,,,,,
320000,0,1,320000,江苏省,jss,320000,,TRUE,,2016/7/20 0:00,,,,,
330000,0,1,330000,浙江省,zjs,330000,,TRUE,,2016/7/20 0:00,,,,,
340000,0,1,340000,安徽省,ahs,340000,,TRUE,,2016/7/20 0:00,,,,,
350000,0,1,350000,福建省,fjs,350000,,TRUE,,2016/7/20 0:00,,,,,
360000,0,1,360000,江西省,jxs,360000,,TRUE,,2016/7/20 0:00,,,,,
370000,0,1,370000,山东省,sds,370000,,TRUE,,2016/7/20 0:00,,,,,
410000,0,1,410000,河南省,hns,410000,,TRUE,,2016/7/20 0:00,,,,,
420000,0,1,420000,湖北省,hbs,420000,,TRUE,,2016/7/20 0:00,,,,,
430000,0,1,430000,湖南省,hns,430000,,TRUE,,2016/7/20 0:00,,,,,
440000,0,1,440000,广东省,gds,440000,,TRUE,,2016/7/20 0:00,,,,,
450000,0,1,450000,广西壮族自治区,gxzzzzq,450000,,TRUE,,2016/7/20 0:00,,,,,
460000,0,1,460000,海南省,hns,460000,,TRUE,,2016/7/20 0:00,,,,,
500000,0,1,500000,重庆,zq,500000,,TRUE,,2016/7/20 0:00,,,,,
510000,0,1,510000,四川省,scs,510000,,TRUE,,2016/7/20 0:00,,,,,
520000,0,1,520000,贵州省,gzs,520000,,TRUE,,2016/7/20 0:00,,,,,
530000,0,1,530000,云南省,yns,530000,,TRUE,,2016/7/20 0:00,,,,,
540000,0,1,540000,西藏自治区,xzzzq,540000,,TRUE,,2016/7/20 0:00,,,,,
610000,0,1,610000,陕西省,sxs,610000,,TRUE,,2016/7/20 0:00,,,,,
620000,0,1,620000,甘肃省,gss,620000,,TRUE,,2016/7/20 0:00,,,,,
630000,0,1,630000,青海省,qhs,630000,,TRUE,,2016/7/20 0:00,,,,,
640000,0,1,640000,宁夏回族自治区,nxhzzzq,640000,,TRUE,,2016/7/20 0:00,,,,,
650000,0,1,650000,新疆维吾尔自治区,xjwwezzq,650000,,TRUE,,2016/7/20 0:00,,,,,
810000,0,1,810000,香港特别行政区,xgtbxzq,810000,,TRUE,,2016/7/20 0:00,,,,,
820000,0,1,820000,澳门特别行政区,amtbxzq,820000,,TRUE,,2016/7/20 0:00,,,,,
830000,0,1,830000,台湾省,tws,830000,,TRUE,,2016/7/20 0:00,,,,,
150900,150000,2,150900,乌兰察布市,wlcbs,150900,,TRUE,,2016/7/20 0:00,,,,,
340300,340000,2,340300,蚌埠市,bbs,340300,,TRUE,,2016/7/20 0:00,,,,,
411700,410000,2,411700,驻马店市,zmds,411700,,TRUE,,2016/7/20 0:00,,,,,
510600,510000,2,510600,德阳市,dys,510600,,TRUE,,2016/7/20 0:00,,,,,
620600,620000,2,620600,武威市,wws,620600,,TRUE,,2016/7/20 0:00,,,,,
620700,620000,2,620700,张掖市,zys,620700,,TRUE,,2016/7/20 0:00,,,,,
620800,620000,2,620800,平凉市,pls,620800,,TRUE,,2016/7/20 0:00,,,,,
620900,620000,2,620900,酒泉市,jqs,620900,,TRUE,,2016/7/20 0:00,,,,,
621000,620000,2,621000,庆阳市,qys,621000,,TRUE,,2016/7/20 0:00,,,,,
621100,620000,2,621100,定西市,dxs,621100,,TRUE,,2016/7/20 0:00,,,,,
621200,620000,2,621200,陇南市,lns,621200,,TRUE,,2016/7/20 0:00,,,,,
622900,620000,2,622900,临夏回族自治州,lxhzzzz,622900,,TRUE,,2016/7/20 0:00,,,,,
623000,620000,2,623000,甘南藏族自治州,gnzzzzz,623000,,TRUE,,2016/7/20 0:00,,,,,
630100,630000,2,630100,西宁市,xns,630100,,TRUE,,2016/7/20 0:00,,,,,
632100,630000,2,632100,海东市,hds,632100,,TRUE,,2016/7/20 0:00,,,,,
632200,630000,2,632200,海北藏族自治州,hbzzzzz,632200,,TRUE,,2016/7/20 0:00,,,,,
632300,630000,2,632300,黄南藏族自治州,hnzzzzz,632300,,TRUE,,2016/7/20 0:00,,,,,
632500,630000,2,632500,海南藏族自治州,hnzzzzz,632500,,TRUE,,2016/7/20 0:00,,,,,
632600,630000,2,632600,果洛藏族自治州,glzzzzz,632600,,TRUE,,2016/7/20 0:00,,,,,
632700,630000,2,632700,玉树藏族自治州,yszzzzz,632700,,TRUE,,2016/7/20 0:00,,,,,
632800,630000,2,632800,海西蒙古族藏族自治州,hxmgzzzzzz,632800,,TRUE,,2016/7/20 0:00,,,,,
640100,640000,2,640100,银川市,ycs,640100,,TRUE,,2016/7/20 0:00,,,,,
640200,640000,2,640200,石嘴山市,szss,640200,,TRUE,,2016/7/20 0:00,,,,,
640300,640000,2,640300,吴忠市,wzs,640300,,TRUE,,2016/7/20 0:00,,,,,
640400,640000,2,640400,固原市,gys,640400,,TRUE,,2016/7/20 0:00,,,,,
640500,640000,2,640500,中卫市,zws,640500,,TRUE,,2016/7/20 0:00,,,,,
650100,650000,2,650100,乌鲁木齐市,wlmqs,650100,,TRUE,,2016/7/20 0:00,,,,,
650200,650000,2,650200,克拉玛依市,klmys,650200,,TRUE,,2016/7/20 0:00,,,,,
652100,650000,2,652100,吐鲁番地区,tlfdq,652100,,TRUE,,2016/7/20 0:00,,,,,
652200,650000,2,652200,哈密地区,hmdq,652200,,TRUE,,2016/7/20 0:00,,,,,
652300,650000,2,652300,昌吉回族自治州,cjhzzzz,652300,,TRUE,,2016/7/20 0:00,,,,,
652700,650000,2,652700,博尔塔拉蒙古自治州,betlmgzzz,652700,,TRUE,,2016/7/20 0:00,,,,,
652800,650000,2,652800,巴音郭楞蒙古自治州,byglmgzzz,652800,,TRUE,,2016/7/20 0:00,,,,,
652900,650000,2,652900,阿克苏地区,aksdq,652900,,TRUE,,2016/7/20 0:00,,,,,
653000,650000,2,653000,克孜勒苏柯尔克孜自治州,kzlskekzzzz,653000,,TRUE,,2016/7/20 0:00,,,,,
653100,650000,2,653100,喀什地区,ksdq,653100,,TRUE,,2016/7/20 0:00,,,,,
653200,650000,2,653200,和田地区,htdq,653200,,TRUE,,2016/7/20 0:00,,,,,
654000,650000,2,654000,伊犁哈萨克自治州,ylhskzzz,654000,,TRUE,,2016/7/20 0:00,,,,,
654200,650000,2,654200,塔城地区,tcdq,654200,,TRUE,,2016/7/20 0:00,,,,,
654300,650000,2,654300,阿勒泰地区,altdq,654300,,TRUE,,2016/7/20 0:00,,,,,
810100,810000,2,810100,香港岛,xgd,810100,,TRUE,,2016/7/20 0:00,,,,,
810200,810000,2,810200,九龙,jl,810200,,TRUE,,2016/7/20 0:00,,,,,
810300,810000,2,810300,新界,xj,810300,,TRUE,,2016/7/20 0:00,,,,,
820100,820000,2,820100,澳门半岛,ambd,820100,,TRUE,,2016/7/20 0:00,,,,,
820300,820000,2,820300,路环岛,lhd,820300,,TRUE,,2016/7/20 0:00,,,,,
820400,820000,2,820400,凼仔岛,dzd,820400,,TRUE,,2016/7/20 0:00,,,,,
830100,830000,2,830100,台北市,tbs,830100,,TRUE,,2016/7/20 0:00,,,,,
830200,830000,2,830200,高雄市,gxs,830200,,TRUE,,2016/7/20 0:00,,,,,
830300,830000,2,830300,台南市,tns,830300,,TRUE,,2016/7/20 0:00,,,,,
830400,830000,2,830400,台中市,tzs,830400,,TRUE,,2016/7/20 0:00,,,,,
830500,830000,2,830500,南投县,ntx,830500,,TRUE,,2016/7/20 0:00,,,,,
830600,830000,2,830600,基隆市,jls,830600,,TRUE,,2016/7/20 0:00,,,,,
830700,830000,2,830700,新竹市,xzs,830700,,TRUE,,2016/7/20 0:00,,,,,
830800,830000,2,830800,嘉义市,jys,830800,,TRUE,,2016/7/20 0:00,,,,,
830900,830000,2,830900,宜兰县,ylx,830900,,TRUE,,2016/7/20 0:00,,,,,
831000,830000,2,831000,新竹县,xzx,831000,,TRUE,,2016/7/20 0:00,,,,,
831100,830000,2,831100,桃园县,tyx,831100,,TRUE,,2016/7/20 0:00,,,,,
831200,830000,2,831200,苗栗县,mlx,831200,,TRUE,,2016/7/20 0:00,,,,,
831300,830000,2,831300,彰化县,zhx,831300,,TRUE,,2016/7/20 0:00,,,,,
831400,830000,2,831400,嘉义县,jyx,831400,,TRUE,,2016/7/20 0:00,,,,,
831500,830000,2,831500,云林县,ylx,831500,,TRUE,,2016/7/20 0:00,,,,,
831600,830000,2,831600,屏东县,pdx,831600,,TRUE,,2016/7/20 0:00,,,,,
831700,830000,2,831700,台东县,tdx,831700,,TRUE,,2016/7/20 0:00,,,,,
831800,830000,2,831800,花莲县,hlx,831800,,TRUE,,2016/7/20 0:00,,,,,
831900,830000,2,831900,澎湖县,phx,831900,,TRUE,,2016/7/20 0:00,,,,,
832000,830000,2,832000,新北市,xbs,832000,,TRUE,,2016/7/20 0:00,,,,,
832100,830000,2,832100,台中县,tzx,832100,,TRUE,,2016/7/20 0:00,,,,,
832200,830000,2,832200,连江县,ljx,832200,,TRUE,,2016/7/20 0:00,,,,,
110100,110000,2,110100,北京市,bjs,110100,,TRUE,,2016/7/20 0:00,,,,,
